Brigette,Moira,Zenyatta,Lifeweaver
Ana,Brigette,Lucio,Zenyatta
Ana,Brigette,Kiriko,Zenyatta,Moira
Baptiste,Kiriko,Mercy,Ana,Lucio,Lifeweaver,Moira,Zenyatta
Baptiste,Kiriko,Mercy,Ana,Lucio,Lifeweaver,Moira,Zenyatta
Ana,Brigette,Kiriko,Lucio,Lifeweaver
Mercy,Ana,Brigette,Zenyatta,Moira
Baptiste,Kiriko,Lifeweaver,Mercy,Moira
Ana,Brigette,Baptiste,Lifeweaver,Mercy,Zenyatta
Ana,Brigette,Lucio,Mercy,Moira,Zenyatta
Brigette,Baptiste,Lucio,Kiriko,Mercy
Ana,Baptiste,Brigette,Kiriko,Mercy
Ana,Baptiste,Kiriko,Mercy,Lifeweaver
Ana,Baptiste,Kiriko,Mercy,Moira,Zenyatta
Ana,Baptiste,Mercy,Moira,Zenyatta
Brigette,Kiriko,Baptiste,Moira
Ana,Brigette,Lucio,Moira
Ana,Baptiste,Kiriko,Lifeweaver,Mercy,Moira,Zenyatta
Brigette,Kiriko,Baptiste,Mercy,Zenyatta
Ana,Baptiste,Kiriko,Mercy,Moira,Zenyatta
Ana,Brigette,Lucio,Moira
Baptiste,Kiriko,Mercy,Ana,Lucio,Lifeweaver,Moira,Zenyatta
Baptiste,Kiriko,Mercy,Ana,Lucio,Lifeweaver,Moira,Zenyatta
Brigette,Ana,Lucio,Moira,Zenyatta
Baptiste,Kiriko,Ana,Zenyatta,Lucio,Lifeweaver,Moira
Ana,Baptiste,Kiriko,Moira,Zenyatta,Mercy
Brigette,Ana,Lucio,Moira
Ana,Brigette,Lucio,Lifeweaver,Zenyatta
Kiriko,Ana,Mercy,Moira
Ana,Baptiste,Kiriko,Lucio
Ana,Brigette,Kiriko,Lifeweaver,Mercy,Moira,Zenyatta
Kiriko,Brigette,Lifeweaver,Moira,Mercy
Ana,Moira,Zenyatta,Mercy,Brigette
Baptiste,Kiriko,Mercy,Ana,Lucio,Lifeweaver,Moira,Zenyatta
Baptiste,Kiriko,Mercy,Ana,Lucio,Lifeweaver,Moira,Zenyatta
Ana,Baptiste,Kiriko,Mercy,Moira,Zenyatta
Ana,Baptiste,Kiriko,Mercy,Zenyatta